grid,index,center_hz
"40-300 Hz, log40",1,39.99999999999999
"40-300 Hz, log40",2,42.120882291070785
"40-300 Hz, log40",3,44.354218124456025
"40-300 Hz, log40",4,46.70597001831726
"40-300 Hz, log40",5,49.182416635795576
"40-300 Hz, log40",6,51.79016954766869
"40-300 Hz, log40",7,54.5361908837988
"40-300 Hz, log40",8,57.427811920496445
"40-300 Hz, log40",9,60.47275265342458
"40-300 Hz, log40",10,63.6791424082984
"40-300 Hz, log40",11,67.05554154440675
"40-300 Hz, log40",12,70.61096430889911
"40-300 Hz, log40",13,74.35490290285351
"40-300 Hz, log40",14,78.29735282337728
"40-300 Hz, log40",15,82.44883954939782
"40-300 Hz, log40",16,86.8204466423892
"40-300 Hz, log40",17,91.4238453370567
"40-300 Hz, log40",18,96.27132570098068
"40-300 Hz, log40",19,101.37582944640866
"40-300 Hz, log40",20,106.7509844817962
"40-300 Hz, log40",21,112.41114129534158
"40-300 Hz, log40",22,118.37141126765025
"40-300 Hz, log40",23,124.6477070158157
"40-300 Hz, log40",24,131.2567848766263
"40-300 Hz, log40",25,138.21628964231945
"40-300 Hz, log40",26,145.544801668317
"40-300 Hz, log40",27,153.2618864787106
"40-300 Hz, log40",28,161.38814700193063
"40-300 Hz, log40",29,169.94527857605877
"40-300 Hz, log40",30,178.95612687063516
"40-300 Hz, log40",31,188.4447488795989
"40-300 Hz, log40",32,198.43647714819951
"40-300 Hz, log40",33,208.9579874053518
"40-300 Hz, log40",34,220.03736978199694
"40-300 Hz, log40",35,231.70420380560753
"40-300 Hz, log40",36,243.98963737105683
"40-300 Hz, log40",37,256.92646989868337
"40-300 Hz, log40",38,270.54923990156965
"40-300 Hz, log40",39,284.8943171958172
"40-300 Hz, log40",40,300.0000000000001
"0.5-300 Hz, log40",1,0.5
"0.5-300 Hz, log40",2,0.589121200445576
"0.5-300 Hz, log40",3,0.6941275776288732
"0.5-300 Hz, log40",4,0.8178505435902031
"0.5-300 Hz, log40",5,0.9636261880498548
"0.5-300 Hz, log40",6,1.1353852333694499
"0.5-300 Hz, log40",7,1.3377590233015815
"0.5-300 Hz, log40",8,1.576204403428658
"0.5-300 Hz, log40",9,1.8571508605909883
"0.5-300 Hz, log40",10,2.1881738887997955
"0.5-300 Hz, log40",11,2.5781992563068
"0.5-300 Hz, log40",12,3.0377436817267065
"0.5-300 Hz, log40",13,3.579198408849603
"0.5-300 Hz, log40",14,4.217163326508747
"0.5-300 Hz, log40",15,4.968840642775783
"0.5-300 Hz, log40",16,5.854498728589676
"0.5-300 Hz, log40",17,6.898018637987696
"0.5-300 Hz, log40",18,8.127538041414537
"0.5-300 Hz, log40",19,9.576209935250438
"0.5-300 Hz, log40",20,11.28309658554718
"0.5-300 Hz, log40",21,13.294222810441873
"0.5-300 Hz, log40",22,15.663817002156948
"0.5-300 Hz, log40",23,18.455773351741048
"0.5-300 Hz, log40",24,21.745374704258325
"0.5-300 Hz, log40",25,25.62132249982305
"0.5-300 Hz, log40",26,30.188128536198004
"0.5-300 Hz, log40",27,35.568933044900646
"0.5-300 Hz, log40",28,41.90882506796037
"0.5-300 Hz, log40",29,49.37875466660092
"0.5-300 Hz, log40",30,58.180142451391035
"0.5-300 Hz, log40",31,68.55031072611627
"0.5-300 Hz, log40",32,80.76888269177371
"0.5-300 Hz, log40",33,95.16532226005127
"0.5-300 Hz, log40",34,112.12781778126299
"0.5-300 Hz, log40",35,132.1137492292809
"0.5-300 Hz, log40",36,155.66202108263965
"0.5-300 Hz, log40",37,183.40759344797843
"0.5-300 Hz, log40",38,216.09860324581442
"0.5-300 Hz, log40",39,254.61653711757285
"0.5-300 Hz, log40",40,300.0
"0.5-300 Hz, linear40",1,0.5
"0.5-300 Hz, linear40",2,8.179487179487179
"0.5-300 Hz, linear40",3,15.85897435897436
"0.5-300 Hz, linear40",4,23.53846153846154
"0.5-300 Hz, linear40",5,31.21794871794872
"0.5-300 Hz, linear40",6,38.8974358974359
"0.5-300 Hz, linear40",7,46.57692307692308
"0.5-300 Hz, linear40",8,54.256410256410255
"0.5-300 Hz, linear40",9,61.93589743589744
"0.5-300 Hz, linear40",10,69.61538461538461
"0.5-300 Hz, linear40",11,77.2948717948718
"0.5-300 Hz, linear40",12,84.97435897435898
"0.5-300 Hz, linear40",13,92.65384615384616
"0.5-300 Hz, linear40",14,100.33333333333334
"0.5-300 Hz, linear40",15,108.01282051282051
"0.5-300 Hz, linear40",16,115.6923076923077
"0.5-300 Hz, linear40",17,123.37179487179488
"0.5-300 Hz, linear40",18,131.05128205128204
"0.5-300 Hz, linear40",19,138.73076923076923
"0.5-300 Hz, linear40",20,146.4102564102564
"0.5-300 Hz, linear40",21,154.0897435897436
"0.5-300 Hz, linear40",22,161.76923076923077
"0.5-300 Hz, linear40",23,169.44871794871796
"0.5-300 Hz, linear40",24,177.12820512820514
"0.5-300 Hz, linear40",25,184.80769230769232
"0.5-300 Hz, linear40",26,192.4871794871795
"0.5-300 Hz, linear40",27,200.16666666666669
"0.5-300 Hz, linear40",28,207.84615384615384
"0.5-300 Hz, linear40",29,215.52564102564102
"0.5-300 Hz, linear40",30,223.2051282051282
"0.5-300 Hz, linear40",31,230.8846153846154
"0.5-300 Hz, linear40",32,238.56410256410257
"0.5-300 Hz, linear40",33,246.24358974358975
"0.5-300 Hz, linear40",34,253.92307692307693
"0.5-300 Hz, linear40",35,261.6025641025641
"0.5-300 Hz, linear40",36,269.28205128205127
"0.5-300 Hz, linear40",37,276.96153846153845
"0.5-300 Hz, linear40",38,284.64102564102564
"0.5-300 Hz, linear40",39,292.3205128205128
"0.5-300 Hz, linear40",40,300.0
