group,subject,seed,features,model_slots,r_thumb,r_index,r_middle,r_ring,r_little,r4,r5,mae4,mse4,samples,epochs,parameters,training_seconds
linear_morlet,1,42,40,43,0.6687944103487208,0.7984033307753049,0.5058366300466273,0.7820305087408042,0.6924707476660952,0.666376279709187,0.6895071255155105,0.45073515837255085,0.5969387895608034,200000,112,6805126,241.40374087542295
linear_morlet,2,42,40,43,0.7044074559941449,0.7625541223561138,0.6327882291458189,0.6915076594810005,0.47729884582735577,0.6442621633308584,0.6537112625608869,0.5139872453664383,0.6096158754688281,200000,69,6805126,148.6638353690505
linear_morlet,3,42,40,43,0.8351799202177206,0.7158218684260589,0.6506082121224119,0.7627918924946955,0.762891984190122,0.7411254962390783,0.7454587754902018,0.4520706311756398,0.4972147692576506,200000,104,6805126,219.40661315619946
hybrid_3_control,1,42,43,44,0.8177968525274695,0.8641603564079291,0.8224675006737898,0.8771776832575598,0.6687593956637004,0.7932960263182223,0.8100723577060898,0.38383668672919813,0.4061769321662689,200000,112,6808198,242.39074167609215
hybrid_3_control,2,42,43,44,0.7804604760396749,0.7941914588547753,0.6669786152919541,0.7411965080598283,0.5351696066476116,0.6942000392085039,0.7035993329787689,0.5503246437387159,0.6539444324093117,200000,69,6808198,144.9057067260146
hybrid_3_control,3,42,43,44,0.8563201291415516,0.8014194904851594,0.7134864000436258,0.8554129173954564,0.827877935180937,0.7997759887128185,0.8109033744493461,0.3961225689510874,0.3883696214349028,200000,104,6808198,220.1263805925846
hybrid_4,1,42,44,44,0.8084566806419312,0.880855321802215,0.8845795643980667,0.8762087006280425,0.7783603367979263,0.8380629759100348,0.8456921208536363,0.36893145054728027,0.35277395974227527,200000,112,6808198,234.31128042936325
hybrid_4,2,42,44,44,0.7776682898566475,0.8010574183055031,0.6615294355828424,0.7365913881368711,0.5449454705808789,0.696300153581468,0.7043584004925486,0.5214794006296297,0.6045866806896806,200000,69,6808198,146.28784823417664
hybrid_4,3,42,44,44,0.8551356035400343,0.7976732002884426,0.678136029160841,0.8512831507506401,0.8207249010582305,0.7879174335118871,0.8005905769596378,0.39774446381235307,0.4019574747596657,200000,104,6808198,183.42763843387365
