grid,index,center_hz,temporal_envelope_fwhm_seconds
Original high-frequency grid,1,40.0,0.06558671879524716
Original high-frequency grid,2,42.120882291070785,0.06228427822762004
Original high-frequency grid,3,44.354218124456025,0.0591481230589737
Original high-frequency grid,4,46.70597001831726,0.056169880441001616
Original high-frequency grid,5,49.182416635795576,0.05334159911736613
Original high-frequency grid,6,51.79016954766869,0.05065572819558341
Original high-frequency grid,7,54.5361908837988,0.04810509698779213
Original high-frequency grid,8,57.427811920496445,0.045682895866585325
Original high-frequency grid,9,60.47275265342458,0.04338265808479481
Original high-frequency grid,10,63.6791424082984,0.0411982425106907
Original high-frequency grid,11,67.05554154440675,0.03912381723250307
Original high-frequency grid,12,70.61096430889911,0.037153843988493016
Original high-frequency grid,13,74.35490290285351,0.035283063381005446
Original high-frequency grid,14,78.29735282337728,0.03350648083502762
Original high-frequency grid,15,82.44883954939782,0.031819353263766434
Original high-frequency grid,16,86.8204466423892,0.030217176405644114
Original high-frequency grid,17,91.4238453370567,0.028695672798905114
Original high-frequency grid,18,96.27132570098068,0.027250780361728847
Original high-frequency grid,19,101.37582944640866,0.025878641547359745
Original high-frequency grid,20,106.7509844817962,0.024575593045301197
Original high-frequency grid,21,112.41114129534158,0.023338156001077852
Original high-frequency grid,22,118.37141126765025,0.022163026728455125
Original high-frequency grid,23,124.6477070158157,0.021047067889319555
Original high-frequency grid,24,131.2567848766263,0.019987300117672344
Original high-frequency grid,25,138.21628964231945,0.01898089406537379
Original high-frequency grid,26,145.544801668317,0.018025162848402696
Original high-frequency grid,27,153.2618864787106,0.017117554873463656
Original high-frequency grid,28,161.38814700193063,0.016255647025791197
Original high-frequency grid,29,169.94527857605877,0.01543713819996333
Original high-frequency grid,30,178.95612687063516,0.014659843156453396
Original high-frequency grid,31,188.4447488795989,0.013921686687518541
Original high-frequency grid,32,198.43647714819951,0.013220698076848973
Original high-frequency grid,33,208.9579874053518,0.01255500583818647
Original high-frequency grid,34,220.03736978199694,0.011922832718865439
Original high-frequency grid,35,231.70420380560753,0.01132249095493707
Original high-frequency grid,36,243.98963737105683,0.010752377765208706
Original high-frequency grid,37,256.92646989868337,0.010210971072168732
Original high-frequency grid,38,270.54923990156965,0.009696825438372506
Original high-frequency grid,39,284.8943171958172,0.009208568207440551
Original high-frequency grid,40,300.0,0.008744895839366287
"Broadband, 40 centers",1,0.5,5.2469375036197725
"Broadband, 40 centers",2,0.589121200445576,4.453190192146627
"Broadband, 40 centers",3,0.6941275776288732,3.779519552834374
"Broadband, 40 centers",4,0.8178505435902031,3.2077606017028177
"Broadband, 40 centers",5,0.9636261880498548,2.722496321025843
"Broadband, 40 centers",6,1.1353852333694499,2.310641951916438
"Broadband, 40 centers",7,1.3377590233015815,1.9610921743851748
"Broadband, 40 centers",8,1.576204403428658,1.6644216613677476
"Broadband, 40 centers",9,1.8571508605909883,1.41263093240311
"Broadband, 40 centers",10,2.1881738887997955,1.1989306541121594
"Broadband, 40 centers",11,2.5781992563068,1.0175585713138144
"Broadband, 40 centers",12,3.0377436817267065,0.8636241324740938
"Broadband, 40 centers",13,3.579198408849603,0.7329766199390719
"Broadband, 40 centers",14,4.217163326508747,0.6220932291900989
"Broadband, 40 centers",15,4.968840642775783,0.5279840792689051
"Broadband, 40 centers",16,5.854498728589676,0.44811159305552856
"Broadband, 40 centers",17,6.898018637987696,0.3803220735534588
"Broadband, 40 centers",18,8.127538041414537,0.3227876311918549
"Broadband, 40 centers",19,9.576209935250438,0.27395689626151426
"Broadband, 40 centers",20,11.28309658554718,0.23251318748528288
"Broadband, 40 centers",21,13.294222810441873,0.19733900877223884
"Broadband, 40 centers",22,15.663817002156948,0.16748591683933922
"Broadband, 40 centers",23,18.455773351741048,0.1421489472053144
"Broadband, 40 centers",24,21.745374704258325,0.12064490897441933
"Broadband, 40 centers",25,25.62132249982305,0.10239396314643809
"Broadband, 40 centers",26,30.188128536198004,0.08690398772696808
"Broadband, 40 centers",27,35.568933044900646,0.07375730805582882
"Broadband, 40 centers",28,41.90882506796037,0.06259943454763062
"Broadband, 40 centers",29,49.37875466660092,0.05312950416678618
"Broadband, 40 centers",30,58.180142451391035,0.045092167899069176
"Broadband, 40 centers",31,68.55031072611627,0.03827070547195052
"Broadband, 40 centers",32,80.76888269177371,0.032481181667715284
"Broadband, 40 centers",33,95.16532226005127,0.027567486659068167
"Broadband, 40 centers",34,112.12781778126299,0.023397126633889407
"Broadband, 40 centers",35,132.1137492292809,0.01985765120674084
"Broadband, 40 centers",36,155.66202108263965,0.01685362128516312
"Broadband, 40 centers",37,183.40759344797843,0.014304035631730837
"Broadband, 40 centers",38,216.09860324581442,0.012140146731192257
"Broadband, 40 centers",39,254.61653711757285,0.010303607069317976
"Broadband, 40 centers",40,300.0000000000001,0.008744895839366286
"Broadband, 100 centers",1,0.5,5.2469375036197725
"Broadband, 100 centers",2,0.5333743642050137,4.918625505596105
"Broadband, 100 centers",3,0.5689764247822053,4.6108566849920125
"Broadband, 100 centers",4,0.6069548776317012,4.32234561166473
"Broadband, 100 centers",5,0.647468343915881,4.051887287559385
"Broadband, 100 centers",6,0.6906860325580124,3.798352113902831
"Broadband, 100 centers",7,0.7367884469618267,3.56068117331081
"Broadband, 100 centers",8,0.7859681389037275,3.3378818071036753
"Broadband, 100 centers",9,0.8384305127463472,3.1290234693588403
"Broadband, 100 centers",10,0.8943946833323332,2.93323384038395
"Broadband, 100 centers",11,0.9540943911414557,2.749695183378273
"Broadband, 100 centers",12,1.0177789785332874,2.577640929065508
"Broadband, 100 centers",13,1.0857144311528408,2.4163524740333577
"Broadband, 100 centers",14,1.1581844888487094,2.2651561794077724
"Broadband, 100 centers",15,1.2354918307435783,2.123420557326516
"Broadband, 100 centers",16,1.317959339406689,1.9905536334610319
"Broadband, 100 centers",17,1.4059314494082054,1.8660004745709153
"Broadband, 100 centers",18,1.49977558588787,1.7492408707645337
"Broadband, 100 centers",19,1.5998836991462893,1.639787162785514
"Broadband, 100 centers",20,1.7066739016682348,1.5371822052505202
"Broadband, 100 centers",21,1.82059221441517,1.4409974573315556
"Broadband, 100 centers",22,1.942114429680579,1.350831192908324
"Broadband, 100 centers",23,2.071748098288523,1.2663068227151464
"Broadband, 100 centers",24,2.2100346494351744,1.1870713214746993
"Broadband, 100 centers",25,2.3575516520270736,1.1127937534493344
"Broadband, 100 centers",26,2.5149152269608406,1.0431638902517713
"Broadband, 100 centers",27,2.6827826204194922,0.9778909151423043
"Broadband, 100 centers",28,2.861854948933014,0.9167022084008817
"Broadband, 100 centers",29,3.0528801276682374,0.8593422087010237
"Broadband, 100 centers",30,3.2566559941783346,0.805571345729992
"Broadband, 100 centers",31,3.4740336406586327,0.7551650395971726
"Broadband, 100 centers",32,3.7059209686262538,0.7079127628515993
"Broadband, 100 centers",33,3.953286480870114,0.6636171611910261
"Broadband, 100 centers",34,4.217163326508747,0.6220932291900989
"Broadband, 100 centers",35,4.498653616050608,0.583167537604961
"Broadband, 100 centers",36,4.798933024479156,0.5466775090270446
"Broadband, 100 centers",37,5.1192557015880285,0.5124707388607426
"Broadband, 100 centers",38,5.4609595100748125,0.48040435878894583
"Broadband, 100 centers",39,5.825471613270951,0.45034444006788865
"Broadband, 100 centers",40,6.214314435845499,0.4221654341591014
"Broadband, 100 centers",41,6.629112022378265,0.3957496483622084
"Broadband, 100 centers",42,7.07159682035964,0.3709867542584907
"Broadband, 100 centers",43,7.543616915947041,0.347773326912178
"Broadband, 100 centers",44,8.047143752698876,0.3260124129048918
"Broadband, 100 centers",45,8.584280365524224,0.3056131253990883
"Broadband, 100 centers",46,9.157270164238133,0.28649026453924153
"Broadband, 100 centers",47,9.768506303408108,0.26856396160532664
"Broadband, 100 centers",48,10.42054167762594,0.2517593454323747
"Broadband, 100 centers",49,11.116099583951167,0.2360062297028637
"Broadband, 100 centers",50,11.858085096059144,0.22123881980588556
"Broadband, 100 centers",51,12.649597197598991,0.20739543803875785
"Broadband, 100 centers",52,13.493941725437766,0.19441826600335171
"Broadband, 100 centers",53,14.394645176849751,0.1822531031212281
"Broadband, 100 centers",54,15.35546943831801,0.1708491402589938
"Broadband, 100 centers",55,16.38042749746477,0.16015874751839815
"Broadband, 100 centers",56,17.473800203733195,0.15013727530485296
"Broadband, 100 centers",57,18.640154147823267,0.14074286784351758
"Broadband, 100 centers",58,19.884360734557372,0.13193628836407675
"Broadband, 100 centers",59,21.21161652883536,0.12368075522407768
"Broadband, 100 centers",60,22.627464959656233,0.11594178828637741
"Broadband, 100 centers",61,24.137819472855742,0.1086870649090783
"Broadband, 100 centers",62,25.748988229259666,0.10188628494647908
"Broadband, 100 centers",63,27.467700451407502,0.09551104419720197
"Broadband, 100 centers",64,29.301134528886497,0.08953471577093856
"Broadband, 100 centers",65,31.256947999660824,0.08393233887833049
"Broadband, 100 centers",66,33.343309532616544,0.07868051457950206
"Broadband, 100 centers",67,35.568933044900646,0.07375730805582882
"Broadband, 100 centers",68,37.94311409654916,0.0691421569967681
"Broadband, 100 centers",69,40.47576871441041,0.06481578571912001
"Broadband, 100 centers",70,43.17747480751568,0.06076012466002835
"Broadband, 100 centers",71,46.05951634687333,0.056958234907474786
"Broadband, 100 centers",72,49.13393049420801,0.05339423745305996
"Broadband, 100 centers",73,52.413557876483075,0.05005324687158825
"Broadband, 100 centers",74,55.91209621618368,0.0469213091504612
"Broadband, 100 centers",75,59.64415754135309,0.04398534340921752
"Broadband, 100 centers",76,63.62532921432573,0.04123308726580533
"Broadband, 100 centers",77,67.87223903405132,0.03865304562140199
"Broadband, 100 centers",78,72.40262468391573,0.03623444264987663
"Broadband, 100 centers",79,77.23540781511554,0.03396717679137384
"Broadband, 100 centers",80,82.39077307500446,0.031841778562043725
"Broadband, 100 centers",81,87.8902524104801,0.029849371003707142
"Broadband, 100 centers",82,93.75681499851596,0.02798163260826866
"Broadband, 100 centers",83,100.01496317944117,0.026230762562027922
"Broadband, 100 centers",84,106.69083479364454,0.02458944816472805
"Broadband, 100 centers",85,113.8123123491247,0.023050834287262973
"Broadband, 100 centers",86,121.4091394758336,0.0216084947404811
"Broadband, 100 centers",87,129.51304515320112,0.02025640543550329
"Broadband, 100 centers",88,138.15787622968784,0.018988919223456812
"Broadband, 100 centers",89,147.37973878784942,0.01780074230954042
"Broadband, 100 centers",90,157.2171489453403,0.016686912142911254
"Broadband, 100 centers",91,167.71119372169179,0.015642776690048488
"Broadband, 100 centers",92,178.90570264274243,0.014663975005026546
"Broadband, 100 centers",93,190.8474307994479,0.013746419015547346
"Broadband, 100 centers",94,203.58625412563188,0.012886276448659245
"Broadband, 100 centers",95,217.17537771027847,0.012079954824849939
"Broadband, 100 centers",96,231.6715580144071,0.011324086453662728
"Broadband, 100 centers",97,247.13533992063861,0.01061551436816907
"Broadband, 100 centers",98,263.63130960552104,0.009951279139550824
"Broadband, 100 centers",99,281.22836429076,0.009328606516722121
"Broadband, 100 centers",100,300.0000000000001,0.008744895839366286
