index,center_hz,lower_hz,upper_hz,center_alias_hz_at_100hz
1,0.5,0.5,0.5427343735408584,0.5
2,0.589121200445576,0.5427343735408584,0.6394726513269364,0.5891212004455753
3,0.6941275776288732,0.6394726513269364,0.7534537920036801,0.6941275776288762
4,0.8178505435902031,0.7534537920036801,0.8877512048509588,0.8178505435902039
5,0.9636261880498548,0.8877512048509588,1.0459861109976067,0.963626188049858
6,1.1353852333694499,1.0459861109976067,1.2324251867206193,1.1353852333694476
7,1.3377590233015815,1.2324251867206193,1.4520956109204288,1.3377590233015795
8,1.576204403428658,1.4520956109204288,1.7109206189343904,1.5762044034286546
9,1.8571508605909883,1.7109206189343904,2.015879217787432,1.8571508605909912
10,2.1881738887997955,2.015879217787432,2.375194369472442,2.1881738887997955
11,2.5781992563068,2.375194369472442,2.798554716470356,2.578199256306803
12,3.0377436817267065,2.798554716470356,3.2973758281592898,3.0377436817267096
13,3.579198408849603,3.2973758281592898,3.885108012410853,3.5791984088496065
14,4.217163326508747,3.885108012410853,4.577598992264415,4.2171633265087465
15,4.968840642775783,4.577598992264415,5.393521226962543,4.968840642775781
16,5.854498728589676,5.393521226962543,6.354875399713739,5.854498728589675
17,6.898018637987696,6.354875399713739,7.487583648322834,6.898018637987697
18,8.127538041414537,7.487583648322834,8.822188534673229,8.127538041414539
19,9.576209935250438,8.822188534673229,10.39467660020778,9.57620993525044
20,11.28309658554718,10.39467660020778,12.247448713915896,11.283096585547177
21,13.294222810441873,12.247448713915896,14.430463377475517,13.294222810441873
22,15.663817002156948,14.430463377475517,17.002583815848595,15.663817002156947
23,18.455773351741048,17.002583815848595,20.033165176538496,18.455773351741044
24,21.745374704258325,20.033165176538496,23.60392463505374,21.745374704258325
25,25.62132249982305,23.60392463505374,27.811144832459526,25.62132249982305
26,30.188128536198004,27.811144832459526,32.76827005892867,30.188128536198008
27,35.568933044900646,32.76827005892867,38.608965187281775,35.568933044900646
28,41.90882506796037,38.608965187281775,45.49071983818578,41.90882506796038
29,49.37875466660092,45.49071983818578,53.59909496041077,49.37875466660091
30,58.180142451391035,53.59909496041077,63.15272633174725,41.819857548608965
31,68.55031072611627,63.15272633174725,74.40921989593978,31.449689273883735
32,80.76888269177371,74.40921989593978,87.67209789862977,19.23111730822629
33,95.16532226005127,87.67209789862977,103.29898311924566,4.834677739948745
34,112.12781778126299,103.29898311924566,121.71124188003458,12.12781778126299
35,132.1137492292809,121.71124188003458,143.40534584817573,32.1137492292809
36,155.66202108263965,143.40534584817573,168.96625899278064,44.337978917360346
37,183.40759344797843,168.96625899278064,199.08321066525002,16.592406552021572
38,216.09860324581442,199.08321066525002,234.56828011134317,16.098603245814388
39,254.61653711757285,234.56828011134317,276.37829353129723,45.383462882427125
40,300.0000000000001,276.37829353129723,300.0,1.1368683772161603e-13
