first,second,subject,delta_r4,delta_r5
hybrid,morlet,1,0.05429285407840645,0.04973180003557576
hybrid,morlet,2,0.04504393402666529,0.052284992958851806
hybrid,morlet,3,0.02763343955620068,0.030368200544769297
hybrid,morlet,mean,0.04232340922042399,0.04412833117973214
hybrid,low_frequency,1,0.3038029421428302,0.29564648600154597
hybrid,low_frequency,2,0.24473449932416502,0.2222357313957471
hybrid,low_frequency,3,0.054492681964062095,0.06732264200940297
hybrid,low_frequency,mean,0.2010100411436857,0.19506828646889862
morlet,low_frequency,1,0.24951008806442376,0.24591468596597021
morlet,low_frequency,2,0.19969056529749973,0.1699507384368953
morlet,low_frequency,3,0.026859242407861417,0.03695444146463367
morlet,low_frequency,mean,0.1586866319232617,0.15093995528916648
