group,subject,seed,active_features,r_thumb,r_index,r_middle,r_ring,r_little,r4,r5,mae4,mse4,samples,epochs,parameters,training_seconds
morlet,1,42,40,0.7910765017217852,0.8248761455404975,0.825457328252361,0.8448076227785648,0.5672172457180458,0.7521568053081723,0.7706869688022508,0.4073587380356808,0.4521353242850862,200000,112,6805126,242.12516420334578
morlet,2,42,40,0.7549158863740335,0.7890441406756624,0.5866527488057726,0.6564201432892881,0.4098442040713335,0.6351142449817004,0.6393754246432181,0.5405634366524251,0.6726266583074113,200000,69,6805126,148.59729227423668
morlet,3,42,40,0.8161560009350745,0.7372038257564311,0.6840662045415868,0.8154813681716165,0.8060856518005629,0.7608779207584138,0.7717986102410543,0.4274170183724386,0.44431505389518366,200000,104,6805126,220.5830459445715
low_frequency,1,42,3,0.5500269816739682,0.5055267429007644,0.49475276092071013,0.6132745452064087,0.4602803834795516,0.5026467172437485,0.5247722828362806,0.5109085209978185,0.7744632890024371,200000,112,6805126,241.05285035818815
low_frequency,2,42,3,0.5189975044972605,0.48879629576794287,0.29578919022773265,0.6054287122948111,0.4381117282438668,0.4354236796842007,0.46942468620632277,0.5858738202428513,0.8938495017827771,200000,69,6805126,145.8849101215601
low_frequency,3,42,3,0.8758812620267501,0.7164482914875724,0.655085806220377,0.738146130479894,0.6886593536675097,0.7340186783505523,0.7348441687764207,0.4382337286529243,0.44466823181943854,200000,104,6805126,221.14903159439564
hybrid,1,42,43,0.8079927277357668,0.8574886407060842,0.8507286738343574,0.8762952066428171,0.7095885952701066,0.8064496593865788,0.8204187688378266,0.3921411126769276,0.3991180266020587,200000,112,6805126,235.8992840051651
hybrid,2,42,43,0.7844390398541985,0.7865115171822111,0.6551569133964334,0.7376693719768868,0.49452524560061983,0.6801581790083657,0.6916604176020699,0.5455509266806932,0.6618983427972316,200000,69,6805126,146.29429023712873
hybrid,3,42,43,0.8547891774303619,0.7791825900699592,0.7084039302715444,0.8567886126706603,0.8116697434865924,0.7885113603146144,0.8021668107858236,0.39859816666792025,0.3998387502960345,200000,104,6805126,178.051888987422
